,game_name,game_id
0,Assassin's Creed® Odyssey,812140
1,Sniper Elite 5,1029690
2,Sea of Thieves,1172620
3,Battlefield V,1238810
4,Peglin,1296610
5,DJMAX RESPECT V,960170
6,STAR WARS Jedi: Fallen Order™,1172380
7,DEAD OR ALIVE Xtreme Venus Vacation,958260
8,Valheim,892970
9,theHunter: Call of the Wild™,518790
10,LEGO® Star Wars™: The Skywalker Saga,920210
11,God of War,1593500
12,Shadowverse CCG,453480
13,A Dance of Fire and Ice,977950
14,Escape Simulator,1435790
15,Dota 2,570
16,Hearts of Iron IV,394360
17,Total War: THREE KINGDOMS,779340
18,The Binding of Isaac: Rebirth,250900
19,20 Minutes Till Dawn,1966900
20,Terraria,105600
21,Cities: Skylines,255710
22,The Elder Scrolls® Online,306130
23,Frostpunk,323190
24,Left 4 Dead 2,550
25,Stellaris,281990
26,Hatsune Miku: Project DIVA Mega Mix+,1761390
27,Battlefield™ 2042,1517290
28,NARAKA: BLADEPOINT,1203220
29,GUILTY GEAR -STRIVE-,1384160
30,The Forest,242760
31,Albion Online,761890
32,eFootball™ 2022,1665460
33,House Flipper,613100
34,Poppy Playtime,1721470
35,Little Witch in the Woods,1594940
36,The Elder Scrolls V: Skyrim Special Edition,489830
37,Fallout 76,1151340
38,7 Days to Die,251570
39,Skul: The Hero Slayer,1147560
40,PowerWash Simulator,1290000
41,Monster Hunter Stories 2: Wings of Ruin,1277400
42,Core Keeper,1621690
43,Factorio,427520
44,Grounded,962130
45,American Truck Simulator,270880
46,Hell Let Loose,686810
47,EZ2ON REBOOT : R,1477590
48,Longvinter,1635450
49,Vampire Survivors,1794680
50,Microsoft Flight Simulator Game of the Year Edition,1250410
51,Call of Duty®: Modern Warfare® II,1938090
52,Assassin's Creed® Origins,582160
53,Rogue Legacy 2,1253920
54,Hunt: Showdown,594650
55,Age of Empires IV,1466860
56,World of Tanks,1407200
57,Total War: WARHAMMER II,594570
58,Unrailed!,1016920
59,Cyberpunk 2077,1091500
60,Timberborn,1062090
61,World of Tanks Blitz,444200
62,Pummel Party,880940
63,Total War: WARHAMMER III,1142710
64,The Witcher® 3: Wild Hunt,292030
65,NEEDY STREAMER OVERLOAD,1451940
66,ROMANCE OF THE THREE KINGDOMS XIV,872410
67,Tales of Arise,740130
68,Human: Fall Flat,477160
69,Car Mechanic Simulator 2021,1190000
70,World War 3,674020
71,Horizon Zero Dawn™ Complete Edition,1151640
72,GTFO,493520
73,Disco Elysium - The Final Cut,632470
74,R2Beat: 音速觉醒,1630280
75,No Man's Sky,275850
76,Hollow Knight,367520
77,War Robots,767560
78,Slay the Spire,646570
79,Out of the Park Baseball 23,1739010
80,Hades,1145360
81,Gunfire Reborn,1217060
82,Fallout 4,377160
83,THE KING OF FIGHTERS XV,1498570
84,EVE Online,8500
85,My Time at Sandrock,1084600
86,"Warhammer 40,000: Chaos Gate - Daemonhunters",1611910
87,March of Empires,702320
88,Subnautica,264710
89,Street Fighter V,310950
90,Overcooked! 2,728880
91,PAYDAY 2,218620
92,Muse Dash,774171
93,Oxygen Not Included,457140
94,Have a Nice Death,1740720
95,Half-Life: Alyx,546560
96,Tabletop Simulator,286160
97,Sekiro™: Shadows Die Twice - GOTY Edition,814380
98,Forza Horizon 4,1293830
99,ASTRONEER,361420
100,GROUND BRANCH,16900
101,Beat Saber,620980
102,Ultimate Epic Battle Simulator 2,1468720
103,Fall Guys: Ultimate Knockout,1097150
104,METAL GEAR SOLID V: THE PHANTOM PAIN,287700
105,ACE COMBAT™ 7: SKIES UNKNOWN,502500
106,Hero Siege,269210
107,Love Delivery,1817940
108,Dragon's Dogma: Dark Arisen,367500
109,Stacklands,1948280
110,Satisfactory,526870
111,WWE 2K22,1255630
112,DRAGON BALL Z: KAKAROT,851850
113,Bloons TD 6,960090
114,This War of Mine,282070
115,Back 4 Blood,924970
116,VRChat,438100
117,We Were Here Together,865360
118,The Stanley Parable: Ultra Deluxe,1703340
119,Age of Empires II: Definitive Edition,813780
120,Starship Troopers: Terran Command,1202130
121,Unpacking,1135690
122,For The King,527230
123,Call of Duty®: Modern Warfare® Remastered,393080
124,Europa Universalis IV,236850
125,DNF Duel,1216060
126,The Cycle: Frontier,868270
127,Romance of the Three Kingdoms XIII,363150
128,FOR HONOR™,304390
129,Card Shark,1371720
130,Nioh: Complete Edition,485510
131,A Way Out,1222700
132,BeamNG.drive,284160
133,Children of Morta,330020
134,Inscryption,1092790
135,DCS World Steam Edition,223750
136,Warhammer: Vermintide 2,552500
137,Mirror 2: Project X,1832640
138,Ori and the Will of the Wisps,1057090
139,Killing Floor 2,232090
140,Prehistoric Kingdom,666150
141,Yu-Gi-Oh! Duel Links,601510
142,Halo: The Master Chief Collection,976730
143,Wasteland 3,719040
144,STAR WARS™ Battlefront™ II,1237950
145,Green Hell,815370
146,Symphony of War: The Nephilim Saga,1488200
147,Planet Zoo,703080
148,ONE PIECE: PIRATE WARRIORS 4,1089090
149,Assetto Corsa,244210
150,THE IDOLM@STER STARLIT SEASON,1046480
151,DEATH STRANDING DIRECTOR'S CUT,1850570
152,Viscera Cleanup Detail,246900
153,Watch_Dogs® 2,447040
154,Kingdom Come: Deliverance,379430
155,Goose Goose Duck,1568590
156,NARUTO SHIPPUDEN: Ultimate Ninja STORM 4,349040
157,Resident Evil 7 Biohazard,418370
158,Dead Cells,588650
159,Russian Fishing 4,766570
160,Garry's Mod,4000
161,Super Robot Wars 30,898750
162,Little Nightmares II,860510
163,Captain of Industry,1594320
164,Detroit: Become Human,1222140
165,Halo Infinite,1240440
166,Demon Slayer -Kimetsu no Yaiba- The Hinokami Chronicles,1490890
167,Lobotomy Corporation | Monster Management Simulation,568220
168,PICO PARK,1509960
169,Sniper Ghost Warrior Contracts 2,1338770
170,Library Of Ruina,1256670
171,iRacing,266410
172,Minecraft Dungeons,1672970
173,Witch It,559650
174,Super Bunny Man,673750
175,SCUM,513710
176,Prison Architect,233450
177,Among Us,945360
178,Farming Simulator 22,1248130
179,Insurgency: Sandstorm,581320
180,Cuphead,268910
181,Phoenix Wright: Ace Attorney Trilogy,787480
182,Divinity: Original Sin 2 - Definitive Edition,435150
183,OUTRIDERS,680420
184,World War Z: Aftermath,699130
185,DOOM Eternal,782330
186,Age of Empires III: Definitive Edition,933110
187,Assassin's Creed® Syndicate,368500
188,DEVOUR,1274570
189,The Guild 3,311260
190,The Planet Crafter,1284190
191,Going Medieval,1029780
192,Assassin’s Creed® IV Black Flag™,242050
193,Darkest Dungeon®,262060
194,Conan Exiles,440900
195,DARK SOULS™ III,374320
196,Outward Definitive Edition,794260
197,Subnautica: Below Zero,848450
198,Arma Reforger,1874880
199,Kenshi,233860
200,Assetto Corsa Competizione,805550
201,Call of Duty®: Black Ops III,311210
202,Black Squad,550650
203,Borderlands 3,397540
204,My Time At Portia,666140
205,Atelier Sophie 2: The Alchemist of the Mysterious Dream,1621310
206,Aliens: Fireteam Elite,1549970
207,Portal 2,620
208,Stray,1332010
209,Shotgun King: The Final Checkmate,1972440
210,Resident Evil 3,952060
211,EA Play,1289670
212,Squad,393380
213,Super Mecha Champions,1368910
214,Night of the Dead,1377380
215,Teardown,1167630
216,Undertale,391540
217,Grim Dawn,219990
218,Battlefield 1 ™,1238840
219,The Isle,376210
220,Sid Meier's Civilization® V,8930
221,WorldBox - God Simulator,1206560
222,Totally Accurate Battle Simulator,508440
223,SnowRunner,1465360
224,Steel Division 2,919640
225,STAR WARS™: Squadrons,1222730
226,Door Kickers 2: Task Force North,1239080
227,Warpips,1291010
228,DYNASTY WARRIORS 9 Empires,1341200
229,Barotrauma,602960
230,Medieval Dynasty,1129580
231,Sherlock Holmes Chapter One,1137300
232,Cooking Simulator,641320
233,Days Gone,1259420
234,Shop Titans,1258080
235,The Crew™ 2,646910
236,The Elder Scrolls Online: High Isle,1754000
237,The Long Dark,305620
238,Romance of the Three Kingdoms XI with Power Up Kit,628070
239,ICARUS,1149460
240,Battlefield 4™,1238860
241,Rhythm Doctor,774181
242,Jump King,1061090
243,Iron Harvest,826630
244,Total War: WARHAMMER,364360
245,The Sims™ 3,47890
246,STAR WARS™: The Old Republic™,1286830
247,Space Engineers,244850
248,We Were Here Too,677160
249,神都不良探 Underdog Detective,1681970
250,Attack on Titan 2 - A.O.T.2,601050
251,Action Taimanin,1335200
252,Titanfall® 2,1237970
253,The Forgotten City,874260
254,Tavern Master,1525700
255,XCOM® 2,268500
256,Arma 3,107410
257,Kerbal Space Program,220200
258,Pavlov VR,555160
259,Planet Coaster,493340
260,American Theft 80s,1321450
261,Old World,597180
262,Luck be a Landlord,1404850
263,Teenage Mutant Ninja Turtles: Shredder's Revenge,1361510
264,Geometry Dash,322170
265,DRAGON BALL XENOVERSE 2,454650
266,Biped,1071870
267,Outer Wilds,753640
268,Resident Evil 2,883710
269,Need for Speed™ Heat,1222680
270,Resident Evil Village,1196590
271,SCP: Pandemic,872670
272,Ghostwire: Tokyo,1475810
273,Assassin's Creed® Unity,289650
274,Dealer's Life 2,1343670
275,Enter the Gungeon,311690
276,Summer Memories,1227890
277,League Manager 2022,1745400
278,TROUBLESHOOTER: Abandoned Children,470310
279,Granblue Fantasy: Versus,1090630
280,Neon White,1533420
281,Mount & Blade: Warband,48700
282,ROUNDS,1557740
283,HITMAN 3,1659040
284,Digimon Story Cyber Sleuth: Complete Edition,1042550
285,Cult of the Lamb,1313140
286,Turmoil,361280
287,Rise of the Tomb Raider™,391220
288,TUNIC,553420
289,Gloomhaven,780290
290,Katana ZERO,460950
291,KovaaK's,824270
292,Police Simulator: Patrol Officers,997010
293,METAL SLUG,366250
294,Far Cry® 5,552520
295,Seed of the Dead: Sweet Home,1566390
296,HUMANKIND™,1124300
297,Atelier Ryza 2: Lost Legends & the Secret Fairy,1257290
298,Propnight,1549180
299,OMORI,1150690
300,Persona 4 Golden,1113000
301,Teamfight Manager,1372810
302,Forager,751780
303,Feed and Grow: Fish,429050
304,Solasta: Crown of the Magister,1096530
305,Call of Duty®: WWII,476600
306,Project Hospital,868360
307,Blade and Sorcery,629730
308,3on3 FreeStyle: Rebound,1292630
309,Please Fix The Road,1383250
310,Ultimate Chicken Horse,386940
311,Don't Starve,219740
312,JoJo's Bizarre Adventure: All-Star Battle R,1372110
313,They Are Billions,644930
314,Wingspan,1054490
315,NieR:Automata™,524220
316,FINAL FANTASY XV WINDOWS EDITION,637650
317,Sixtar Gate: STARTRAIL,1802720
318,The Elder Scrolls V: Skyrim VR,611670
319,Onmyoji,551170
320,Borderlands 2,49520
321,ENDER LILIES: Quietus of the Knights,1369630
322,OVERLORD: ESCAPE FROM NAZARICK,1782150
323,Total War™: ROME II - Emperor Edition,214950
324,Castlevania Advance Collection,1552550
325,Pacify,967050
326,F1® 22,1692250
327,Company of Heroes 2,231430
328,Gang Beasts,285900
329,Ravenous Devils,1615290
330,DayZ,221100
331,Hero's Hour,1656780
332,The Spike,1296840
333,Builder Simulator,1120320
334,Brawlhalla,291550
335,Baba Is You,736260
336,Yakuza: Like a Dragon,1235140
337,DRAGON QUEST BUILDERS™ 2,1072420
338,"Warhammer 40,000: Gladius - Relics of War",489630
339,Farm Together,673950
340,DARK SOULS™: REMASTERED,570940
341,Besiege,346010
342,Doki Doki Literature Club Plus!,1388880
343,Starbound,211820
344,Mafia: Definitive Edition,1030840
345,Dungreed,753420
346,Some Some Convenience Store,1217390
347,Death's Door,894020
348,Ragnarok: The Lost Memories,1379750
349,Potion Craft: Alchemist Simulator,1210320
350,Getting Over It with Bennett Foddy,240720
351,Bless Unleashed,1254120
352,Operation: Tango,1335790
353,Nobody Saves the World,1432050
354,Grand Theft Auto IV: Complete Edition,12210
355,Tribes of Midgard,858820
356,Hmmsim Metro,1591420
357,Northgard,466560
358,DRAGON QUEST® XI S: Echoes of an Elusive Age™ - Definitive Edition,1295510
359,NARUTO TO BORUTO: SHINOBI STRIKER,633230
360,Danganronpa 2: Goodbye Despair,413420
361,Warface,291480
362,THE LEGEND OF HEROES: HAJIMARI NO KISEKI,1562940
363,Noita,881100
364,Armored Warfare,443110
365,60 Seconds! Reatomized,1012880
366,PGA TOUR 2K21,1016120
367,Monster Sanctuary,814370
368,Vampire: The Masquerade - Bloodhunt,760160
369,Grand Theft Auto IV: The Complete Edition,12210
370,OneShot,420530
371,"Football, Tactics & Glory",375530
372,Stranded Deep,313120
373,Infernax,374190
374,Strange Horticulture,1574580
375,The Dark Pictures Anthology: House of Ashes,1281590
376,Slime Rancher,433340
377,Sonic Origins,1794960
378,Tom Clancy's Ghost Recon® Wildlands,460930
379,Dorfromantik,1455840
380,Maneater,629820
381,Mass Effect™ Legendary Edition,1328670
382,Immortal Soul: Black Survival,690510
383,SD GUNDAM BATTLE ALLIANCE,824550
384,Assassin's Creed® Revelations,201870
385,Sands of Salzaar,1094520
386,Call of Duty®: Modern Warfare® 3,42680
387,PlanetSide 2,218230
388,Ib,1901370
389,Scrap Mechanic,387990
390,Thief Simulator,704850
391,"Help Me Remember, Satori-sama!",1914970
392,FATAL FRAME / PROJECT ZERO: Maiden of Black Water,1732190
393,Fallout: New Vegas,22380
394,"Warhammer 40,000: Darktide",1361210
395,Outlast,238320
396,X4: Foundations,392160
397,Universe Sandbox,230290
398,Danganronpa: Trigger Happy Havoc,413410
399,Middle-earth™: Shadow of War™,356190
400,Weird West,1097350
401,Uncharted Waters IV HD Version,1424800
402,Untitled Goose Game,837470
403,鬼谷八荒 Tale of Immortal,1468810
404,CRIMESIGHT,1491710
405,Assassin's Creed® III Remastered,911400
406,Watch_Dogs™,243470
407,A Hat in Time,253230
408,Little Nightmares,424840
409,SpaceEngine,314650
410,New World,1063730
411,HELLDIVERS™ Dive Harder Edition,394510
412,Paladins®,444090
413,Sniper Elite 4,312660
414,Just Shapes & Beats,531510
415,Heroes & Generals,227940
416,Total War: SHOGUN 2,34330
417,Shieldwall,1216320
418,King Arthur: Knight's Tale,1157390
419,A Total War Saga: TROY,1099410
420,Dune: Spice Wars,1605220
421,FINAL FANTASY X/X-2 HD Remaster,359870
422,Crypt of the NecroDancer,247080
423,Moonlighter,606150
424,Poly Bridge 2,1062160
425,Mega Man Zero/ZX Legacy Collection,999020
426,Mega Man 11,742300
427,VTOL VR,667970
428,There Is No Game: Wrong Dimension,1240210
429,The Riftbreaker,780310
430,Tropico 6,492720
431,Devil May Cry 4 Special Edition,329050
432,VR Kanojo / VRカノジョ,751440
433,Devil May Cry HD Collection,631510
434,The Henry Stickmin Collection,1089980
435,Disciples: Liberation,1287840
436,SCARLET NEXUS,775500
437,Resident Evil 6,221040
438,Liftoff: FPV Drone Racing,410340
439,State of Decay 2: Juggernaut Edition,495420
440,Shadow Corridor,1025250
441,Ori and the Blind Forest,261570
442,DRAGON BALL FighterZ,678950
443,Assassin’s Creed® Rogue,311560
444,Call to Arms - Gates of Hell: Ostfront,400750
445,Songs of Conquest,867210
446,Eiyuden Chronicle: Rising,1658290
447,rFactor 2,365960
448,Trine 4: The Nightmare Prince,690640
449,Blasphemous,774361
450,"Papers, Please",239030
451,Assassin's Creed 2,33230
452,MechWarrior 5: Mercenaries,784080
453,Two Point Hospital,535930
454,Cloudpunk,746850
455,The Dark Pictures Anthology: Little Hope,1194630
456,Temtem,745920
457,Portal,400
458,SMITE®,386360
459,City Car Driving,493490
460,SUPERHOT VR,617830
461,WARRIORS OROCHI 4,831560
462,Roundguard,848030
463,Last Epoch,899770
464,THE HOUSE OF THE DEAD: Remake,1694600
465,Endzone - A World Apart,933820
466,Metro Exodus,412020
467,Despot's Game: Dystopian Army Builder,1227280
468,Dyson Sphere Program,1366540
469,Train Simulator Classic,24010
470,UNDYING,638990
471,Far Cry® 4,298110
472,Prominence Poker,384180
473,Ultimate Fishing Simulator,468920
474,Return of the Obra Dinn,653530
475,NieR Replicant™ ver.1.22474487139...,1113560
476,Soundfall,1608700
477,Super Animal Royale,843380
478,Democracy 4,1410710
479,Tomb Raider,203160
480,Call of Duty®: Modern Warfare® 2 (2009),10180
481,Amazing Frog?,332570
482,Worms W.M.D,327030
483,Resident Evil 4,254700
484,SOULCALIBUR VI,544750
485,Crossfire: Legion,1072190
486,Sakuna: Of Rice and Ruin,1356670
487,ATLAS,834910
488,Dread Hunger,1418630
489,STAR WARS Jedi: Fallen Order Deluxe Edition,1172380
490,Legion TD 2 - Multiplayer Tower Defense,469600
491,BONEWORKS,823500
492,Monster Train,1102190
493,Superliminal,1049410
494,Pillars of Eternity II: Deadfire,560130
495,Internet Cafe Simulator 2,1563180
496,Tricky Towers,437920
497,Mega Man X Legacy Collection,743890
498,Bus Simulator 21,976590
499,Shantae and the Seven Sirens,1191630
500,LEGO® Marvel Super Heroes 2,647830
501,DYNASTY WARRIORS 9,730310
502,"Hot Dogs, Horseshoes & Hand Grenades",450540
503,Mini Motorways,1127500
504,To the Moon,206440
505,Heavy Rain,960910
506,Baldur's Gate 3,1086940
507,Lumencraft,1713810
508,BioShock Infinite,8870
509,POSTAL: Brain Damaged,1359980
510,FINAL FANTASY VI,1173820
511,Pathfinder: Wrath of the Righteous,1184370
512,METAL SLUG 3,250180
513,Shadow Tactics: Aiko's Choice,1579380
514,Elite Dangerous,359320
515,Ragnarock,1345820
516,PC Building Simulator,621060
517,IdleOn - The Idle MMO,1476970
518,Loop Hero,1282730
519,Call of Duty: World at War,10090
520,CUSTOM ORDER MAID 3D2 It's a Night Magic,1097580
521,Desperados III,610370
522,In Silence,1361000
523,Assassin’s Creed® Brotherhood,48190
524,DYNASTY WARRIORS 8: Xtreme Legends Complete Edition,278080
525,"Warhammer 40,000: Dawn of War II: Retribution",56400
526,UBOAT,494840
527,Spiritfarer®: Farewell Edition,972660
528,"Warhammer 40,000: Inquisitor - Martyr",527430
529,Cultist Simulator,718670
530,Five Nights at Freddy's: Security Breach,747660
531,RollerCoaster Tycoon® 2: Triple Thrill Pack,285330
532,Kingdom Two Crowns,701160
533,Resident Evil 5,21690
534,Mr. Prepper,761830
535,Midnight Ghost Hunt,915810
536,I am an Air Traffic Controller 4,1348390
537,Dying Light Enhanced Edition,"239140,335810,325724,435111,325723,347090"
538,Visage,594330
539,Nova Drift,858210
540,Dragon Age™ Inquisition,1222690
541,GetsuFumaDen: Undying Moon,1323470
542,Keep Talking and Nobody Explodes,341800
543,Magical Girl Celesphonia,1786790
544,Idol Manager,821880
545,People Playground,1118200
546,Persona® 5 Strikers,1382330
547,ANOTHER EDEN,1252600
548,Plague Inc: Evolved,246620
549,Tom Clancy’s The Division™,365590
550,The Survivalists,897450
551,Governor of Poker 3,436150
552,Romance of the Three Kingdoms XII with Power Up Kit,628080
553,Behind the Frame: The Finest Scenery,1634150
554,F1® 2021,1134570
555,The Legend of Heroes: Zero no Kiseki Kai,1457520
556,Plants vs. Zombies GOTY Edition,3590
557,No Umbrellas Allowed,1301390
558,Batman™: Arkham Knight,208650
559,Atelier Ryza: Ever Darkness & the Secret Hideout,1121560
560,Clicker Heroes,363970
561,Rune Factory 4 Special,1580240
562,Foundation,690830
563,CODE VEIN,678960
564,AI＊Shoujo/AI＊少女,1250650
565,Farming Simulator 19,787860
566,Feign,1436990
567,Ember Knights,1135230
568,Left 4 Dead,500
569,Partisans 1941,1227530
570,DEAD OR ALIVE 6,838380
571,GWENT: The Witcher Card Game,1284410
572,The Legend of Heroes: Sen no Kiseki IV -THE END OF SAGA-,1457510
573,XCOM: Enemy Unknown,200510
574,Astral Ascent,1280930
575,Hydroneer,1106840
576,Friday the 13th: The Game,438740
577,Wargame: Red Dragon,251060
578,Princess Maker 2 Refine,523000
579,Knightfall: A Daring Journey,1911390
580,노베나 디아볼로스,1210030
581,My Summer Car,516750
582,Gamedec,917720
583,ibb & obb,95400
584,Vampyr,427290
585,Brigandine The Legend of Runersia,1843940
586,Idle Champions of the Forgotten Realms,627690
587,Coffee Talk,914800
588,Mega Man X Legacy Collection 2,743900
589,Terraforming Mars,800270
590,The Escapists 2,641990
591,Legendary Tales,1465070
592,PixARK,593600
593,Bro Falls,1590320
594,SMASH LEGENDS,1352080
595,Golf With Your Friends,431240
596,S.T.A.L.K.E.R.: Shadow of Chernobyl,4500
597,Sakura Hime 2,1223870
598,Craftopia,1307550
599,Animal Shelter,1239320
600,OMSI 2: Steam Edition,252530
601,Cat Cafe Manager,1354830
602,Oblivity - Find your perfect Sensitivity,1389990
603,Golf It!,571740
604,DOOM,379720
605,Surviving Mars,464920
606,Mortal Kombat 11,976310
607,"Warhammer 40,000: Battlesector",1295500
608,Castle Crashers®,204360
609,Airborne Kingdom,982290
610,Moving Out,996770
611,One Hand Clapping,893720
612,Toram Online,1827180
613,HunterX,1918450
614,Titan Quest Anniversary Edition,475150
615,Call of Duty®: Infinite Warfare,292730
616,Shadow of the Tomb Raider: Definitive Edition,750920
617,CARRION,953490
618,Puyo Puyo™Tetris®,546050
619,Remnant: From the Ashes,617290
620,NBA 2K21,1225330
621,Ranch Simulator,1119730
622,Alina of the Arena,1668690
623,Gas Station Simulator,1149620
624,The Legend of Heroes: Sen no Kiseki III,1450080
625,Total War: NAPOLEON – Definitive Edition,34030
626,CarX Drift Racing Online,635260
627,Stick Fight: The Game,674940
628,BURIED STARS,1025960
629,Red Dead Online,1404210
630,Command & Conquer™ Remastered Collection,1213210
631,Madden NFL 22,1519350
632,Clone Drone in the Danger Zone,597170
633,Yakuza 0,638970
634,OCTOPATH TRAVELER™,921570
635,LEGO® Builder's Journey,1544360
636,Capcom Arcade Stadium,1515950
637,Plants vs. Zombies™ Garden Warfare 2: Deluxe Edition,1922560
638,LEGO® MARVEL's Avengers,405310
639,DiRT Rally 2.0,690790
640,SPORE™,17390
641,I Am Fish,1472560
642,Hardspace: Shipbreaker,1161580
643,Chrono Ark,1188930
644,Battle Brothers,365360
645,Lost Ruins,1306630
646,Dead Rising 4,543460
647,VA-11 Hall-A: Cyberpunk Bartender Action,447530
648,Shadow Tactics: Blades of the Shogun,418240
649,Miracle Snack Shop,995460
650,Hand Simulator,657200
651,The Universim,352720
652,Mech Armada,1389360
653,Animal Revolt Battle Simulator,1215390
654,Godlike Burger,1432910
655,Winkeltje: The Little Shop,949290
656,Portal Knights,374040
657,Zero Hour,1359090
658,Fallout 4: Game of the Year Edition,"377160,435870,435880,435881,480630,480631,490650"
659,Jurassic World Evolution,648350
660,FOREWARNED,1562420
661,Red Solstice 2: Survivors,768520
662,HOT WHEELS UNLEASHED™,1271700
663,Into the Radius VR,1012790
664,Necesse,1169040
665,Parkitect,453090
666,Ruined King: A League of Legends Story™,1276790
667,Assassin's Creed Revelations - Gold Edition,"201870,201881,201882,201877"
668,Green Hell VR,1782330
669,Wildermyth,763890
670,Call of Duty®: Advanced Warfare - Gold Edition,209650
671,Keplerth,747200
672,CosmicBreak Universal,1140620
673,MELTY BLOOD: TYPE LUMINA,1372280
674,Iratus: Lord of the Dead,807120
675,SENRAN KAGURA ESTIVAL VERSUS,502800
676,Passpartout: The Starving Artist,582550
677,Expeditions: Rome,987840
678,Fishing Planet,380600
679,The Last Campfire,990630
680,Call of Duty®: Black Ops II,202970
681,Melvor Idle,1267910
682,Overcooked! All You Can Eat,1243830
683,Cooking Simulator VR,1358140
684,Trigon: Space Story,1226510
685,Len's Island,1335830
686,Patrick's Parabox,1260520
687,Dawn of Man,858810
688,Shin Megami Tensei III Nocturne HD Remaster,1413480
689,The Life and Suffering of Sir Brante,1272160
690,Uncrashed : FPV Drone Simulator,1682970
691,NosTale - Anime MMORPG,550470
692,Cozy Grove,1458100
693,Coromon,1218210
694,"Warhammer 40,000: Mechanicus",673880
695,Wartales,1527950
696,Dead Space,17470
697,Gomoku Let's Go,1555400
698,RUNNING WITH RIFLES,270150
699,Eco,382310
700,FAR: Lone Sails,609320
701,Bad North: Jotunn Edition,688420
702,Train Sim World® 2,1282590
703,INSIDE,304430
704,Lords Mobile,1041320
705,One More Island,1454160
706,GOD EATER 3,899440
707,Journey,638230
708,Digimon Masters Online,537180
709,Yakuza 6: The Song of Life,1388590
710,Dark Deception,332950
711,Amazing Cultivation Simulator,955900
712,Total War: MEDIEVAL II – Definitive Edition,4700
713,Dinosaur Fossil Hunter,864700
714,DYSMANTLE,846770
715,Shantae: Half-Genie Hero Ultimate Edition,764300
716,Call of Duty®: Black Ops,42700
717,ALTF4,1137460
718,Root,965580
719,SUPERHOT,322500
720,The Centennial Case : A Shijima Story,1612780
721,Project Wingman,895870
722,Total War: ATTILA,325610
723,Wobbly Life,1211020
724,DARK SOULS™ II: Scholar of the First Sin,335300
725,Mindustry,1127400
726,Project CARS 2,378860
727,Assassin's Creed™: Director's Cut Edition,15100
728,FINAL FANTASY VII,39140
729,Marfusha,1456820
730,The Sushi Spinnery,1921780
731,The Witch's House MV,885810
732,Trip In Another World,1826960
733,Bakery Simulator,1031120
734,Company of Heroes,228200
735,DmC: Devil May Cry,220440
736,Vivid Knight,1569090
737,SD GUNDAM G GENERATION CROSS RAYS,728530
738,Borderlands: The Pre-Sequel,261640
739,Holdfast: Nations At War,589290
740,ZONE OF THE ENDERS THE 2nd RUNNER : M∀RS / アヌビス ゾーン・オブ・エンダーズ : マーズ,650510
741,Terminus: Zombie Survivors,1534980
742,Travellers Rest,1139980
743,BPM: BULLETS PER MINUTE,1286350
744,Souldiers,1419160
745,UnMetal,1203710
746,Game of Thrones Winter is Coming,1105420
747,The Outer Worlds,578650
748,Settlement Survival,1509510
749,Black Mesa,362890
750,Curious Expedition 2,1040230
751,Twelve Minutes,1097200
752,White Day: A Labyrinth Named School,466130
753,Ultimate Admiral: Dreadnoughts,1069660
754,HITMAN™ 2,863550
755,Bugsnax,674140
756,Until You Fall,858260
757,Dead Rising 3 Apocalypse Edition,265550
758,Pocket Academy,1921760
759,The Callisto Protocol,1544020
760,Ni no Kuni Wrath of the White Witch™ Remastered,798460
761,Bully: Scholarship Edition,12200
762,Empyrion - Galactic Survival,383120
763,Far Cry® Primal,371660
764,Rival Stars Horse Racing: Desktop Edition,1166860
765,Baldur's Gate: Enhanced Edition,228280
766,Plants vs. Zombies: Battle for Neighborville™,1262240
767,Yakuza Kiwami,834530
768,Beyond: Two Souls,960990
769,Super Bomberman R,702700
770,Skullgirls 2nd Encore,245170
771,LEGO® DC Super-Villains,829110
772,PokerStars VR,886250
773,SKYHILL,382140
774,Fantasy Fishing Town,1904040
775,Frozenheim,1134100
776,Alba: A Wildlife Adventure,1337010
777,Help Me!,1557780
778,Marvel's Guardians of the Galaxy,1088850
779,Graveyard Keeper,599140
780,ROMANCE OF THE THREE KINGDOMS XIV: Diplomacy and Strategy Expansion Pack Bundle - Digital Deluxe Edition,"872410,1427650,1198833"
781,Outlast 2,414700
782,F1® Manager 2022,1708520
783,Pixel Starships,378760
784,Sonic Generations Collection,71340
785,WARNO,1611600
786,Yakuza Kiwami 2,927380
787,RIDE 4,1259980
788,After the Fall®,751630
789,Dream House Days DX,1859370
790,SUPER ROBOT WARS V,1031500
791,The Painscreek Killings,624270
792,Rebel Inc: Escalation,1088790
793,Orcs Must Die! 3,1522820
794,Townscaper,1291340
795,Realm of the Mad God Exalt,200210
796,Cold Waters,541210
797,Unravel Two,1225570
798,Call to Arms,302670
799,UNO,470220
800,Project Winter,774861
801,The Legend of Heroes: Ao no Kiseki KAI,1461920
802,Hextech Mayhem: A League of Legends Story™,1651960
803,BattleBlock Theater®,238460
804,Ys IX -Monstrum NOX-,1732330
805,Generation Zero®,704270
806,Dead Space™ 3,1238060
807,All-In-One Sports VR,1514840
808,X-Plane 11,269950
809,FTL: Faster Than Light,212680
810,Founders' Fortune,1104330
811,Castlevania Anniversary Collection,1018010
812,FAR: Changing Tides,1570010
813,Dungeon Village,1859360
814,The Walking Dead: Saints & Sinners,916840
815,Sun Haven,1432860
816,Shantae and the Pirate's Curse,345820
817,Fishing Paradiso,1781030
818,Dicey Dungeons,861540
819,The Iron Oath,699330
820,Trek to Yomi,1370050
821,NEKOPARA Vol. 2,420110
822,SUPER ROBOT WARS X,1031510
823,Age of Empires: Definitive Edition,1017900
824,Star Trek Online,9900
825,Prototype™,10150
826,Fairy Biography,1967320
827,Rogue Company,872200
828,Adorable Witch 3,1913490
829,What Remains of Edith Finch,501300
830,Sniper Elite 3,238090
831,The Evil Within 2,601430
832,SimCity™ 4 Deluxe Edition,24780
833,Tetris® Effect: Connected,1003590
834,Mega Man Legacy Collection 2,495050
835,DEEEER Simulator: Your Average Everyday Deer Game,1018800
836,Othercide,798490
837,Pathfinder: Kingmaker - Enhanced Plus Edition,640820
838,Nomad Survival,1929870
839,Max Payne 3,204100
840,The Last Spell,1105670
841,Ghostrunner,1139900
842,Marvel vs. Capcom: Infinite,493840
843,Neptunia x SENRAN KAGURA: Ninja Wars,1836860
844,河洛群俠傳 (Ho Tu Lo Shu ： The Books of Dragon),952860
845,Ninja Village,1918520
846,Zombie Army 4: Dead War,694280
847,ANNO: Mutationem,1368030
848,Celeste,504230
849,Sonic Mania,584400
850,RaidTitans,1203140
851,BLUE REFLECTION: Second Light,1423600
852,Grow: Song of the Evertree,1380420
853,BRAVELY DEFAULT II,1446650
854,The Walking Dead,207610
855,Street Fighter 30th Anniversary Collection,586200
856,The Closing Shift | 閉店事件,1843090
857,Golfie,1579020
858,Dead Island Definitive Edition,383150
859,The Ascent,979690
860,GranAge,1412470
861,Carto,1172450
862,Farm Manager 2021,1123830
863,Tails of Iron,1283410
864,From The Darkness,1517340
865,Life is Strange 2,532210
866,HighFleet,1434950
867,Stormworks: Build and Rescue,573090
868,Moncage,1195290
869,Touhou Mystia's Izakaya,1584090
870,Counter-Strike,10
871,Princess Maker ~Faery Tales Come True~ (HD Remake),1155980
872,Dōkyūsei: Bangin' Summer,1689910
873,Transport Fever 2,1066780
874,Touhou Luna Nights,851100
875,Automobilista 2,1066890
876,BLEACH Brave Souls,1201240
877,LEGO® Marvel™ Super Heroes,249130
878,Game Dev Story,1847240
879,Do Not Feed the Monkeys,658850
880,The Dark Pictures Anthology: Man of Medan,939850
881,Call of Duty® 4: Modern Warfare®,7940
882,The Thrill of the Fight - VR Boxing,494150
883,WORLD OF HORROR,913740
884,UnderMine,656350
885,Ravenfield,636480
886,Heavenly Bodies,1138850
887,Agrou,1305420
888,Cookie Clicker,1454400
889,Griftlands,601840
890,60 Seconds!,368360
891,Scars of Summer,1405470
892,Crusader Kings II,203770
893,Impostor Factory,1182620
894,METAL SLUG 2,366260
895,Ultimate General: Civil War,502520
896,Noble Fates,1769420
897,별에게 소원을 (When you wish upon a star),1936230
898,Sniper Ghost Warrior 3,368070
899,7 Days to End with You,1859280
900,Resident Evil Revelations 2,287290
901,Baldur's Gate II: Enhanced Edition,257350
902,BIOMUTANT,597820
903,Sherlock Holmes: The Devil's Daughter,350640
904,DEAD OR ALIVE 5 Last Round: Core Fighters,311730
905,CrossCode,368340
906,Assassin’s Creed® Liberation HD,260210
907,"Guns, Gore and Cannoli 2",525510
908,Mini Metro,287980
909,Langrisser I & II,1060220
910,STAR WARS™ Battlefront,1237980
911,S.T.A.L.K.E.R. 2: Heart of Chornobyl,1643320
912,Fling to the Finish,1054430
913,Anno 1404 - History Edition,1281630
914,Kingdoms and Castles,569480
915,Roguebook,1076200
916,Nemesis: Distress,1343620
917,Five Nights at Freddy's,319510
918,Tales of Maj'Eyal,259680
919,Let's Build a Zoo,1547890
920,Suhoshin,1679700
921,Five Nights at Freddy's 2,332800
922,Dungeons & Dragons: Chronicles of Mystara,229480
923,Severed Steel,1227690
924,Fernbus Simulator,427100
925,STRIDE,1292040
926,Subsistence,418030
927,Gordian Quest,981430
928,Romance of the Three Kingdoms XIII Fame and Strategy Expansion Pack Bundle,"363150,506800"
929,Cliff Empire,809140
930,Ultra Street Fighter® IV,45760
931,Hotline Miami,219150
932,Vagante,323220
933,Streets of Rogue,512900
934,Senren＊Banka,1144400
935,Assassin's Creed Freedom Cry,277590
936,SUCCUBUS,985830
937,Diplomacy is Not an Option,1272320
938,Stumble Guys,1677740
939,METAL GEAR SOLID V: The Definitive Experience,"287700,406540,406560,406580,406590,406600,406610,406620,436030,436040,436050,437230,437231"
940,Danganronpa Another Episode: Ultra Despair Girls,555950
941,EVERSPACE™ 2,1128920
942,Rocksmith® 2014 Edition - Remastered,221680
943,Bullet Girls Phantasia,1163590
944,Ultra Age,1683100
945,Battlefield 3™,1238820
946,Hidden Through Time,524910
947,The Legend of Heroes: Trails in the Sky SC,251290
948,One Step From Eden,960690
949,Spelunky 2,418530
